name,type,latitude,longitude,description,website,opening_hours,phone,admission_fee
Sabarmati Ashram,monument,23.1815,72.5305,Historic ashram of Mahatma Gandhi,,,,Free
Adalaj Stepwell,monument,23.2283,72.6033,5-storied stepwell,,,,Paid
Jhulta Minar,monument,23.1818,72.6367,Swinging minaret,,,,Free
Bhadra Fort,attraction,23.1868,72.6205,Historic fort in Ahmedabad,,,,Free
Achalpur Jain Temple,attraction,23.185,72.625,Ancient Jain temple,,,,Free
Calico Museum of Textiles,museum,23.1923,72.5845,Museum of textile heritage,www.calicomuseum.org,,,Paid
Textile Museum,museum,23.1925,72.584,Traditional textile display,,,,Paid
Hazrat Pir Park,Leisure: park,23.195,72.58,Public park with recreational facilities,,,,Free
Mahatma Gandhi Sarovar,attraction,23.178,72.53,Historical lake,,,,Free
Takhat ul-Masaajid Mosque,monument,23.184,72.622,Historic mosque with multiple stories,,,,Free
Ahmed Shah Mosque,monument,23.1867,72.6207,Ancient mosque in old city,,,,Free
Sidi Sayed Mosque,monument,23.185,72.625,Mosque with intricate stone screens,,,,Free
Teen Darwaza,monument,23.1865,72.6175,Historic gate in walled city,,,,Free
Juma Mosque,monument,23.1868,72.6195,One of the oldest mosques,,,,Free
Rani Sipri Mosque,monument,23.192,72.61,Tomb and mosque complex,,,,Free
Science City,museum,23.226,72.638,Interactive science museum,,,,Paid
Shreyas Museum,museum,23.174,72.568,Art and heritage museum,,,,Paid
Mansingh Tomar Garden,Leisure: garden,23.205,72.595,Botanical garden,,,,Free
Odhav Lake,Leisure: park,23.235,72.668,Lake with walking trail,,,,Free
Vastrapur Lake,Leisure: park,23.045,72.515,Urban lake and park,,,,Free
Kankaria Lake,Leisure: park,23.0615,72.572,Large recreational lake,,,,Free
Kankaria Zoo,attraction,23.062,72.573,Zoo with various animal species,,,,Paid
Swaminarayan Temple,monument,23.1883,72.6207,Hindu temple with intricate architecture,,,,Free
Vishala Museum,museum,23.08,72.55,Rural art and craft museum,,,,Paid
Integrated Museum,museum,23.179,72.588,Art and history collection,,,,Paid
Auto World Heritage Museum,museum,23.095,72.535,Classic automobile exhibition,,,,Paid
Dada Harir Vav,monument,23.176,72.635,Ancient stepwell,,,,Free
Rani Vav Patan,monument,23.189,72.532,Historic stepwell,,,,Paid
Rani Sipri Park,Leisure: park,23.19,72.61,Green space near historic site,,,,Free
Megh Ghat,attraction,23.2,72.52,Riverside recreational area,,,,Free
Hawa Mahal,monument,23.1855,72.634,Palace with intricate windows,,,,Free
Mangalayatan Temple,monument,23.187,72.615,Hindu temple,,,,Free
Jama Masjid Area,monument,23.1867,72.62,Historic mosque complex,,,,Free
Bab ul-Islam Park,Leisure: park,23.185,72.627,City park,,,,Free
Rajpath Clubhouse,attraction,23.205,72.595,Historic clubhouse,,,,Free
Kala Ghoda Festival Ground,Leisure: park,23.18,72.585,Cultural and arts venue,,,,Free
New Civil Hospital,attraction,23.17,72.57,Heritage building,,,,Free
Natarani Temple,monument,23.192,72.59,Ancient temple,,,,Free
Khanpur Art Gallery,museum,23.185,72.595,Contemporary art space,,,,Paid
Sardar Patel National Memorial,monument,23.185,72.595,Memorial dedicated to Sardar Patel,,,,Free
Heritage Park,Leisure: park,23.16,72.55,Park showcasing heritage,,,,Free
Premabati Library,attraction,23.185,72.61,Historic library,,,,Free
Swaminarayan Temple Complex,monument,23.1915,72.5935,Large temple complex,,,,Free
CIMA Gallery,museum,23.175,72.59,Contemporary Indian museum,,,,Paid
Lakshmi Vilas Palace,monument,23.18,72.57,Grand palace,,,,Paid
Mohammadi Mosque,monument,23.188,72.623,Historic mosque,,,,Free
Chanod Temple,monument,23.187,72.58,Hindu temple,,,,Free
Ahmedabad Museum,museum,23.19,72.595,Municipal history museum,,,,Paid
Ambaji Temple,monument,23.195,72.605,Religious temple,,,,Free
Bijnor Gate,monument,23.185,72.63,Historic gate,,,,Free
Manek Chowk,attraction,23.186,72.623,Historic market square,,,,Free
Rani Rupmati Palace,monument,23.188,72.575,Historic palace,,,,Paid
Dada Vali Mosque,monument,23.19,72.62,Historic mosque,,,,Free
Laxmi Villa Palace,monument,23.192,72.588,Palace architecture,,,,Paid
Shree Maa Chhaya Park,Leisure: park,23.21,72.62,Urban green space,,,,Free
Vehlal Jain Temple,monument,23.185,72.618,Jain temple,,,,Free
Jamat Khana Mosque,monument,23.187,72.615,Community mosque,,,,Free
Kota Kacheri,attraction,23.188,72.612,Historic court building,,,,Free
Lal Darwaza,monument,23.185,72.625,Red gate historic landmark,,,,Free
Shahibaug Temple,monument,23.185,72.585,Ancient religious site,,,,Free
Surendrapuri Temple,monument,23.22,72.61,Temple complex,,,,Free
Agian Temple,monument,23.186,72.61,Fire temple,,,,Free
Saint Xavier Church,monument,23.18,72.605,Historic church,,,,Free
Albert Hall,attraction,23.195,72.595,Colonial-era building,,,,Free
Vijaynagar Tower,monument,23.192,72.595,Historic tower,,,,Free
Murali Manohar Temple,monument,23.185,72.61,Krishna temple,,,,Free
Shrimant Yogi Temple,monument,23.188,72.605,Religious site,,,,Free
Balaji Mandir,monument,23.19,72.59,Hindu temple,,,,Free
Paldi Fort Ruins,monument,23.175,72.56,Ancient fort ruins,,,,Free
Iscon Temple,monument,23.21,72.56,Contemporary temple,,,,Free
Sundarvan Garden,Leisure: park,23.17,72.59,Beautiful garden,,,,Free
Sharath Park,Leisure: park,23.195,72.575,Recreational park,,,,Free
Amdavad Ni Gufa,museum,23.17,72.585,Underground art complex,,,,Paid
Daily Exhibition Center,museum,23.185,72.585,Exhibition hall,,,,Paid
Tribal Museum,museum,23.18,72.595,Tribal art and culture,,,,Paid
Heritage Walk Site,attraction,23.186,72.616,Walking tour destination,,,,Free
Sardar Vallabhbhai Patel National Museum,museum,23.185,72.605,Museum dedicated to national leader,,,,Paid
Akhbar Mosque,monument,23.187,72.617,Historic mosque,,,,Free
Gujarati Vikas Mandir Park,Leisure: park,23.195,72.59,Development memorial park,,,,Free
Fort Museum,museum,23.187,72.621,Museum in fort,,,,Paid
