GYM Name,Address,Area,City,State,Phone Number,Timings
Active Cork Wood Brown PVC Textured Yoga Mat - 61x173x0.5cm - 1,Address not found,Ahmedabad,Ahmedabad,Gujarat,,
Active Grey Textured Anti-Skid Eva Yoga Mat - 1,Address not found,Ahmedabad,Ahmedabad,Gujarat,,
Active Jute Infused Yoga Mat - OS,Address not found,Ahmedabad,Ahmedabad,Gujarat,,
Active Solid Yoga Mat - Single Pc -  Pvc - 61 cm x 173 cm x 0.8 cmH - Multicolour - 1,Address not found,Ahmedabad,Ahmedabad,Gujarat,,
Active Solid pvc Yoga Mat  : 173 cm x 61 cm x 0.8 cmH Multicolour - 1,Address not found,Ahmedabad,Ahmedabad,Gujarat,,
Active Teal Textured EVA Anti-Skid Yoga Mat - 1,Address not found,Ahmedabad,Ahmedabad,Gujarat,,
Active Typographic Print PVC Yoga Mat - 61 x 173 x 0.4 cm - 1,Address not found,Ahmedabad,Ahmedabad,Gujarat,,
Animal Print Medium Impact Sports Bra,Address not found,Ahmedabad,Ahmedabad,Gujarat,,
Animal Print Racerback Yoga Top,Address not found,Ahmedabad,Ahmedabad,Gujarat,,
Anti-Skid Rejuvenating Yoga Mat - OS,Address not found,Ahmedabad,Ahmedabad,Gujarat,,
Atlantis - Teal Green Sports Spray Bottle - 570ml - 26x10cm - 1,Address not found,Ahmedabad,Ahmedabad,Gujarat,,
Atlantis Green Solid Stainless Steel Single Wall Sports Bottle - 500ml - 1,Address not found,Ahmedabad,Ahmedabad,Gujarat,,
Atlantis Green Sports Sipper Bottle - 750 ml - 23 x 7.5 cm - 1,Address not found,Ahmedabad,Ahmedabad,Gujarat,,
Atlantis Teal Solid Polypropylene Sports Water Bottle - 700ml - 1,Address not found,Ahmedabad,Ahmedabad,Gujarat,,
Atlantis Teal Solid Stainless Steel Single Wall Sports Bottle - 750ml - 1,Address not found,Ahmedabad,Ahmedabad,Gujarat,,
Babyhug Play Gym With Apple Cut & Mosquito Net - Red,Address not found,Ahmedabad,Ahmedabad,Gujarat,,
Black Colourblocked Co-Ord Sports Bra - XS,Address not found,Ahmedabad,Ahmedabad,Gujarat,,
Black Full Rim Sports,Address not found,Ahmedabad,Ahmedabad,Gujarat,,
Black Sports Rimmed Eyeglasses (Ft1227Mfp1Lbkctv|52),Address not found,Ahmedabad,Ahmedabad,Gujarat,,
Black Sports Rimmed Eyeglasses (Ft1227Mfp2Lbkctv|52),Address not found,Ahmedabad,Ahmedabad,Gujarat,,
Black Sports Rimmed Eyeglasses (Ft1227Mfp3Lbkctv|52),Address not found,Ahmedabad,Ahmedabad,Gujarat,,
Blue Full Rim Sports,Address not found,Ahmedabad,Ahmedabad,Gujarat,,
Boys Blue Active Sports Full Sleeves Sweater,Address not found,Ahmedabad,Ahmedabad,Gujarat,,
Brand Print Sports Bra,Address not found,Ahmedabad,Ahmedabad,Gujarat,,
Chambor Colour Studio Conditioning Nail Enamel Remover - 30Ml,Address not found,Ahmedabad,Ahmedabad,Gujarat,,
Chambor Studio Pro Eye Shadow Palette - Coral Eyes,Address not found,Ahmedabad,Ahmedabad,Gujarat,,
Chambor Studio Pro Eye Shadow Palette - Metallic Eyes,Address not found,Ahmedabad,Ahmedabad,Gujarat,,
Chambor Studio Pro Eye Shadow Palette- Nude Eyes,Address not found,Ahmedabad,Ahmedabad,Gujarat,,
Chambor Studio Pro Shadow Palette - Mauve Eyes,Address not found,Ahmedabad,Ahmedabad,Gujarat,,
Dlux Fitness-Box Jump,Address not found,Ahmedabad,Ahmedabad,Gujarat,,
Dual-Strap Sports Sandals,Address not found,Ahmedabad,Ahmedabad,Gujarat,,
F9IN Yoga Slim 7 Pro Laptop(11th Gen Intel Core i5-11320H/16 GB/512 GB SSD/Intel Iris Xe Graphics/Wi,Address not found,Ahmedabad,Ahmedabad,Gujarat,,
Fanatic Sports,Address not found,Ahmedabad,Ahmedabad,Gujarat,,
Fiddlerz Musical Piano Baby Play Gym Mat With Music And Lights - Blue,Address not found,Ahmedabad,Ahmedabad,Gujarat,,
Fiesta Silver Solid Metal Padmasana Yoga Figurine - 1,Address not found,Ahmedabad,Ahmedabad,Gujarat,,
Fiesta Silver Solid Metal Yoga Namaskar Position Figurine - 1,Address not found,Ahmedabad,Ahmedabad,Gujarat,,
Fitness,Address not found,Ahmedabad,Ahmedabad,Gujarat,,
Fitness Skipping Rope Leather - One Size,Address not found,Ahmedabad,Ahmedabad,Gujarat,,
Floral Print Padded Fitted Yoga Crop Top,Address not found,Ahmedabad,Ahmedabad,Gujarat,,
"Geometric Pattern Washable Yoga Mat 28""X67"" - OS",Address not found,Ahmedabad,Ahmedabad,Gujarat,,
Graphic Print Lightly Padded Sports Bra,Address not found,Ahmedabad,Ahmedabad,Gujarat,,
Gym Pilates Floor Mat 190 Cm X 70 Cm X 20 Mm-Black - One Size,Address not found,Ahmedabad,Ahmedabad,Gujarat,,
HIFFIN E27 Studio Single Holder Umbrella Lighting Kit (Supports Up to 6000 g),Address not found,Ahmedabad,Ahmedabad,Gujarat,,
HealthKart Online,Address not found,Ahmedabad,Ahmedabad,Gujarat,,
Healthians,Address not found,Ahmedabad,Ahmedabad,Gujarat,,
Healthifyme,Address not found,Ahmedabad,Ahmedabad,Gujarat,,
Healthy Green,Address not found,Ahmedabad,Ahmedabad,Gujarat,,
Healthy Hunt,Address not found,Ahmedabad,Ahmedabad,Gujarat,,
Healthy Masala Sprout,Address not found,Ahmedabad,Ahmedabad,Gujarat,,
Healthy Meals By Fit India,Address not found,Ahmedabad,Ahmedabad,Gujarat,,
Hooded Relaxed Fit Long Sleeve Yoga Hoodie,Address not found,Ahmedabad,Ahmedabad,Gujarat,,
Jay Shree Bholenath Center,Address not found,Ahmedabad,Ahmedabad,Gujarat,,
Jay Shree Mahakal Farali Center,Address not found,Ahmedabad,Ahmedabad,Gujarat,,
Kappa Women Striped Sports Tights,Address not found,Ahmedabad,Ahmedabad,Gujarat,,
Leaf Studio,Address not found,Ahmedabad,Ahmedabad,Gujarat,,
Lightly Padded Sports Bra,Address not found,Ahmedabad,Ahmedabad,Gujarat,,
Low Impact Studio Seamless Women's Sports Bra,Address not found,Ahmedabad,Ahmedabad,Gujarat,,
"Mac Studio, 32 GB Unified Memory and 512 GB SSD Storage (4 x Thunderbolt 4, 1 x 10Gb Ethernet, 2 x U",Address not found,Ahmedabad,Ahmedabad,Gujarat,,
Mahakal Pakodi Center,Address not found,Ahmedabad,Ahmedabad,Gujarat,,
Maharaj Samosa Center,Address not found,Ahmedabad,Ahmedabad,Gujarat,,
Maybelline New York Face Studio Master Chrome Metallic Highlighter,Address not found,Ahmedabad,Ahmedabad,Gujarat,,
Maybelline New York Tattoo Studio Gel Liner Pencil,Address not found,Ahmedabad,Ahmedabad,Gujarat,,
Meera Pakodi Center,Address not found,Ahmedabad,Ahmedabad,Gujarat,,
Mid-Rise Yoga Capris With Branding,Address not found,Ahmedabad,Ahmedabad,Gujarat,,
"New Fastrack Reflex Volt With 1.69 Ultravu Display, Ip68 Water Resistant, 60 Sports Modes, Spo2 Moni",Address not found,Ahmedabad,Ahmedabad,Gujarat,,
Nyra Design Studio Mermaid Hair Band - Pink,Address not found,Ahmedabad,Ahmedabad,Gujarat,,
Nyra Design Studio Mermaid Pearl Bead Hair Band - Blue,Address not found,Ahmedabad,Ahmedabad,Gujarat,,
Nyra Design Studio Pearl Beaded Tricolour Hair Band - Orange White Green,Address not found,Ahmedabad,Ahmedabad,Gujarat,,
Nyra Design Studio Princess Shimmer Bow Hair Band - Pink,Address not found,Ahmedabad,Ahmedabad,Gujarat,,
Nyra Design Studio Unicorn Detail Bow Head Band And Pair Of Bow Hair Clips Set - Purple Blue Pink,Address not found,Ahmedabad,Ahmedabad,Gujarat,,
PJ Panipuri & Chaat Center,Address not found,Ahmedabad,Ahmedabad,Gujarat,,
Play Pink Seamless Sports Bra - S,Address not found,Ahmedabad,Ahmedabad,Gujarat,,
Radhe Chaat Pakodi Center,Address not found,Ahmedabad,Ahmedabad,Gujarat,,
Ravindra Omlet Center,Address not found,Ahmedabad,Ahmedabad,Gujarat,,
Sawariya Farali Center,Address not found,Ahmedabad,Ahmedabad,Gujarat,,
Scoop Neck Cross Back Yoga Top,Address not found,Ahmedabad,Ahmedabad,Gujarat,,
Scoop Neck Relaxed Sleeveless Yoga Top,Address not found,Ahmedabad,Ahmedabad,Gujarat,,
Shree Dev Farali Center,Address not found,Ahmedabad,Ahmedabad,Gujarat,,
Shree Nath Frali Center,Address not found,Ahmedabad,Ahmedabad,Gujarat,,
Sk Fit Yoga Mat Rubber - One Size,Address not found,Ahmedabad,Ahmedabad,Gujarat,,
Sk Fit Yoga Mat Tpe - One Size,Address not found,Ahmedabad,Ahmedabad,Gujarat,,
Sk Fit Yoga Strap - One Size,Address not found,Ahmedabad,Ahmedabad,Gujarat,,
Striped Sports Bra,Address not found,Ahmedabad,Ahmedabad,Gujarat,,
Studio Foundation Women's Ruched Training Tank Top,Address not found,Ahmedabad,Ahmedabad,Gujarat,,
Studio Low Impact Women's Training Bra,Address not found,Ahmedabad,Ahmedabad,Gujarat,,
Studio Plastic Free Training Men's Hoodie,Address not found,Ahmedabad,Ahmedabad,Gujarat,,
Studio West Nail Love Nail Brightener - 9ML,Address not found,Ahmedabad,Ahmedabad,Gujarat,,
TGIH - Thank God It's Healthy,Address not found,Ahmedabad,Ahmedabad,Gujarat,,
"Textured Cotton Yoga Mat 24""X 71"" - OS",Address not found,Ahmedabad,Ahmedabad,Gujarat,,
Thali Center,Address not found,Ahmedabad,Ahmedabad,Gujarat,,
The Center of my World Yellow Gold Pendant,Address not found,Ahmedabad,Ahmedabad,Gujarat,,
Tie Back Long Sleeve Yoga Top,Address not found,Ahmedabad,Ahmedabad,Gujarat,,
Tortoise Full Rim Sports,Address not found,Ahmedabad,Ahmedabad,Gujarat,,
V Neck Padded Yoga Crop Top,Address not found,Ahmedabad,Ahmedabad,Gujarat,,
Van Heusen Proactive Women Snug Fit High Stretch Yoga Tights,Address not found,Ahmedabad,Ahmedabad,Gujarat,,
Van Heusen Women Yoga Spirit Cropped Tights With Print Detail - L,Address not found,Ahmedabad,Ahmedabad,Gujarat,,
Veridicus Health Care,Address not found,Ahmedabad,Ahmedabad,Gujarat,,
Womens Regular Fit Fitness Rules Twill Jeans Black,Address not found,Ahmedabad,Ahmedabad,Gujarat,,
Wunderlove Black Seamfree Non-Padded Sports Bra,Address not found,Ahmedabad,Ahmedabad,Gujarat,,
Wunderlove Grey Melange Seamfree Sports Bra,Address not found,Ahmedabad,Ahmedabad,Gujarat,,
Yellow Black Full Rim Sports,Address not found,Ahmedabad,Ahmedabad,Gujarat,,
Yoga Inner Tank With Sheer Layer Top,Address not found,Ahmedabad,Ahmedabad,Gujarat,,
Yoga Sandal Fabric Slipon Womems Sandals,Address not found,Ahmedabad,Ahmedabad,Gujarat,,
"fitbit Charge 6 Fitness Tracker with Stress Management (1.03 Inch, 5ATM Water Resistance, Porcelain ",Address not found,Ahmedabad,Ahmedabad,Gujarat,,
"fitbit Inspire 3 Fitness Tracker with Stress Management (0.74 Inch Always-On AMOLED Display, Water R",Address not found,Ahmedabad,Ahmedabad,Gujarat,,
"truke Yoga Mystic Lite YB-22 Neckband with Environmental Noise Cancellation (IPX4 Water Resistant, 4",Address not found,Ahmedabad,Ahmedabad,Gujarat,,
"truke Yoga Mystic Lite YB-22 Neckband with Environmental Noise Cancellation (IPX4 Water Resistant, 4",Address not found,Ahmedabad,Ahmedabad,Gujarat,,
